{
  "project_info": {
    "project_number": "127943793051",
    "firebase_url": "https://v-k-means-default-rtdb.firebaseio.com",
    "project_id": "v-k-means",
    "storage_bucket": "v-k-means.appspot.com"
  },
  "client": [
    {
      "client_info": {
        "mobilesdk_app_id": "1:127943793051:android:3eb0bb252e07ac10fde93e",
        "android_client_info": {
          "package_name": "com.example.vkmeans"
        }
      },
      "oauth_client": [
        {
          "client_id": "127943793051-cd7h59sbad16aoap7mf4gmdp5mtsk8el.apps.googleusercontent.com",
          "client_type": 3
        }
      ],
      "api_key": [
        {
          "current_key": "AIzaSyC6ZdjE-Y8-lyH9ZzIKOA_2o2QejC0yI24"
        }
      ],
      "services": {
        "appinvite_service": {
          "other_platform_oauth_client": [
            {
              "client_id": "127943793051-cd7h59sbad16aoap7mf4gmdp5mtsk8el.apps.googleusercontent.com",
              "client_type": 3
            }
          ]
        }
      }
    }
  ],
  "configuration_version": "1"
}